{
  "head": "head",
	"portraitScale": 2.3,
    "portraitTranslation": [ -1.3, 0.1, 0 ],
    "profileScale": 0.7,
    "profileTranslation": [ 0, 0.6, 0 ],
  "animations": {
    "cry": "bedrock('lycanroc_dusk', 'cry')",
    "recoil": "q.bedrock_stateful('lycanroc_dusk', 'recoil')",
    "status": "q.bedrock_primary('lycanroc_dusk', 'battle_idle', q.curve('symmetrical_wide'))"
  },
  "poses": {
    "battle-standing": {
      "poseTypes": ["STAND", "WALK"],
      "isBattle": true,
      "animations": [
        "q.bedrock('lycanroc_dusk', 'battle_idle')"
      ],
      "quirks": [
        {
          "name": "blink",
          "animations": ["bedrock(lycanroc_dusk, blink)"]
        },
        {
          "name": "quirk",
          "animations": ["bedrock(lycanroc_dusk, shake_quirk)"]
        }
      ]
    },
    "standing": {
      "poseTypes": ["STAND", "NONE", "PORTRAIT", "PROFILE"],
      "isBattle": false,
      "animations": [
        "q.bedrock('lycanroc_dusk', 'ground_idle')"
      ],
      "quirks": [
        {
          "name": "blink",
          "animations": ["bedrock(lycanroc_dusk, blink)"]
        },
        {
          "name": "quirk",
          "animations": ["bedrock(lycanroc_dusk, shake_quirk)"]
        }
      ]
    },
    "walking": {
      "poseTypes": ["WALK"],
      "animations": [
        "q.bedrock('lycanroc_dusk', 'ground_walk')"
      ]
    },
    "float": {
      "poseTypes": ["FLOAT"],
      "animations": [
        "q.bedrock('lycanroc_dusk', 'ground_walk')"
      ]
    },
    "swim": {
      "poseTypes": ["SWIM"],
      "animations": [
        "q.bedrock('lycanroc_dusk', 'ground_walk')"
      ]
    },
    "sleep": {
      "poseTypes": ["SLEEP"],
      "animations": ["q.bedrock('lycanroc_dusk', 'sleep')"]
    }
  }
}