{
   "parent": "minecraft:item/generated",
  "textures": {
    "layer0": "minecraft:item/netherite_ingot"
  },
    "display": {
        "head": {
            "rotation": [ 0, 0, 45 ],
            "translation": [ -1, 13, 7],
            "scale":[ 1, 1, 1]
        }
    },
    "overrides": [
     {
      "model": "zamegas:item/starminite",
      "predicate": {
        "custom_model_data": 1145
      }
    },
     {
      "model": "zamegas:item/clefablite",
      "predicate": {
        "custom_model_data": 1146
      }
    },
     {
      "model": "zamegas:item/skarmorite",
      "predicate": {
        "custom_model_data": 1147
      }
    },
     {
      "model": "zamegas:item/meganiumite",
      "predicate": {
        "custom_model_data": 1148
      }
    },
    {
      "model": "zamegas:item/barbaracite",
      "predicate": {
        "custom_model_data": 1149
      }
    },
    {
      "model": "zamegas:item/pyroarite",
      "predicate": {
        "custom_model_data": 1150
      }
    },
    {
      "model": "zamegas:item/eelektrossite",
      "predicate": {
        "custom_model_data": 1151
      }
    },
    {
      "model": "zamegas:item/scraftinite",
      "predicate": {
        "custom_model_data": 1152
      }
    },
    {
      "model": "zamegas:item/scolipite",
      "predicate": {
        "custom_model_data": 1153
      }
    },
    {
      "model": "zamegas:item/froslassite",
      "predicate": {
        "custom_model_data": 1154
      }
    },
    {
      "model": "zamegas:item/excadrite",
      "predicate": {
        "custom_model_data": 1155
      }
    },
    {
      "model": "zamegas:item/feraligite",
      "predicate": {
        "custom_model_data": 1156
      }
    },
    {
      "model": "zamegas:item/drampanite",
      "predicate": {
        "custom_model_data": 1157
      }
    },
    {
      "model": "zamegas:item/floettite",
      "predicate": {
        "custom_model_data": 1158
      }
    },
    {
      "model": "zamegas:item/dragalgite",
      "predicate": {
        "custom_model_data": 1159
      }
    },
     {
      "model": "zamegas:item/zygardite",
      "predicate": {
        "custom_model_data": 1160
      }
    },
     {
      "model": "zamegas:item/chandelurite",
      "predicate": {
        "custom_model_data": 1161
      }
    },
     {
      "model": "zamegas:item/falinksite",
      "predicate": {
        "custom_model_data": 1162
      }
    },
     {
      "model": "zamegas:item/emboarite",
      "predicate": {
        "custom_model_data": 1163
      }
    },
     {
      "model": "zamegas:item/chimechoite",
      "predicate": {
        "custom_model_data": 1164
      }
    },
     {
      "model": "zamegas:item/baxcalibrite",
      "predicate": {
        "custom_model_data": 1165
      }
    },
    {
      "model": "zamegas:item/hawluchanite",
      "predicate": {
        "custom_model_data": 1167
      }
    },
    {
      "model": "zamegas:item/raichunitey",
      "predicate": {
        "custom_model_data": 1168
      }
    },
    {
      "model": "zamegas:item/dragoninite",
      "predicate": {
        "custom_model_data": 1169
      }
    },
    {
      "model": "zamegas:item/delphoxite",
      "predicate": {
        "custom_model_data": 1170
      }
    },
    {
      "model": "zamegas:item/greninjite",
      "predicate": {
        "custom_model_data": 1171
      }
    },
    {
      "model": "zamegas:item/victreebelite",
      "predicate": {
        "custom_model_data": 1172
      }
    },
    {
      "model": "zamegas:item/malamarite",
      "predicate": {
        "custom_model_data": 1173
      }
    },
    {
      "model": "zamegas:item/chesnaughtite",
      "predicate": {
        "custom_model_data": 1174
      }
    },
    {
      "model": "zamegas:item/raichunitex",
      "predicate": {
        "custom_model_data": 1175
      }
    },
    {
      "model": "zamegas:item/zeraorite",
      "predicate": {
        "custom_model_data": 1176
      }
    }
  ]
}
