{
	"format_version": "1.12.0",
	"minecraft:geometry": [
		{
			"description": {
				"identifier": "geometry.unknown",
				"texture_width": 64,
				"texture_height": 120,
				"visible_bounds_width": 3,
				"visible_bounds_height": 2.5,
				"visible_bounds_offset": [0, 0.75, 0]
			},
			"bones": [
				{
					"name": "minior",
					"pivot": [0, 0, 0]
				},
				{
					"name": "full_body_move",
					"parent": "minior",
					"pivot": [0, 14, 0]
				},
				{
					"name": "full_body",
					"parent": "full_body_move",
					"pivot": [0, 14, 0]
				},
				{
					"name": "face",
					"parent": "full_body",
					"pivot": [0, 13, -5]
				},
				{
					"name": "mouth_pog",
					"parent": "face",
					"pivot": [-3.5, 10.45, -4.2],
					"cubes": [
						{"origin": [-0.5, 10.45, -5.2], "size": [1, 1, 0], "uv": [30, 36]}
					]
				},
				{
					"name": "mouth_smile",
					"parent": "face",
					"pivot": [-3.5, 10.45, -4.275],
					"cubes": [
						{"origin": [-0.5, 10.45, -5.275], "size": [1, 1, 0], "uv": [30, 36]},
						{"origin": [-1.175, 10.675, -5.275], "size": [1, 1, 0], "uv": [30, 37]},
						{"origin": [0.175, 10.675, -5.275], "size": [1, 1, 0], "uv": [30, 38]}
					]
				},
				{
					"name": "eye_left",
					"parent": "face",
					"pivot": [-2.375, 12, -4.4],
					"cubes": [
						{"origin": [-6, 10.45, -5.3], "size": [5, 5, 0], "uv": [40, 6]}
					]
				},
				{
					"name": "eye_inside_right",
					"parent": "eye_left",
					"pivot": [-2.375, 13, -5.4],
					"cubes": [
						{"origin": [-2.975, 12, -5.325], "size": [2, 2, 0], "uv": [25, 37]}
					]
				},
				{
					"name": "eye_right",
					"parent": "face",
					"pivot": [2.375, 12, -4.4],
					"cubes": [
						{"origin": [1, 10.45, -5.3], "size": [5, 5, 0], "pivot": [3.5, 12.95, -5.3], "rotation": [180, 0, 0], "uv": [40, 6], "mirror": true}
					]
				},
				{
					"name": "eye_inside_left",
					"parent": "eye_right",
					"pivot": [2.375, 13, -5.4],
					"cubes": [
						{"origin": [1.025, 12, -5.325], "size": [2, 2, 0], "uv": [25, 37], "mirror": true}
					]
				},
				{
					"name": "shell",
					"parent": "full_body",
					"pivot": [0, 13, 0]
				},
				{
					"name": "shell_only",
					"parent": "shell",
					"pivot": [0, 16.75, 0],
					"cubes": [
						{"origin": [-3.5, 9.5, 5.625], "size": [7, 7, 0], "uv": [44, 66], "mirror": true},
						{"origin": [-5.5, 7.5, -5.5], "size": [11, 11, 11], "inflate": 0.075, "uv": [0, 93]},
						{"origin": [-5.5, 11.025, -5.625], "size": [4, 4, 0], "uv": [44, 73]},
						{"origin": [0.525, 10.5, -5.625], "size": [5, 5, 0], "uv": [44, 77], "mirror": true},
						{"origin": [-5.5, 7.5, -5.5], "size": [11, 11, 11], "inflate": -0.075, "uv": [0, 62]}
					]
				},
				{
					"name": "all_arms_shell",
					"parent": "shell_only",
					"pivot": [0, 16.75, 0]
				},
				{
					"name": "top_arm4",
					"parent": "all_arms_shell",
					"pivot": [0, 16.75, 0],
					"cubes": [
						{"origin": [-2.5, 17, -2.5], "size": [5, 4, 5], "inflate": 0.01, "uv": [0, 84]}
					]
				},
				{
					"name": "bottom_arm4",
					"parent": "all_arms_shell",
					"pivot": [-2.725, 9.8, 0],
					"rotation": [0, 0, 50],
					"cubes": [
						{"origin": [-5.25, 5.55, -2.5], "size": [5, 4, 5], "inflate": 0.01, "uv": [40, 84], "mirror": true}
					]
				},
				{
					"name": "bottom_arm5",
					"parent": "all_arms_shell",
					"pivot": [2.725, 9.8, 0],
					"rotation": [0, 0, -50],
					"cubes": [
						{"origin": [0.25, 5.55, -2.5], "size": [5, 4, 5], "inflate": 0.01, "uv": [41, 111]}
					]
				},
				{
					"name": "top_arm5",
					"parent": "all_arms_shell",
					"pivot": [3.25, 14.2, 0],
					"rotation": [0, 0, 70],
					"cubes": [
						{"origin": [0.775, 14.45, -2.5], "size": [5, 4, 5], "inflate": 0.01, "uv": [40, 93]}
					]
				},
				{
					"name": "top_arm6",
					"parent": "all_arms_shell",
					"pivot": [-3.25, 14.2, 0],
					"rotation": [0, 0, -70],
					"cubes": [
						{"origin": [-5.775, 14.45, -2.5], "size": [5, 4, 5], "inflate": 0.01, "uv": [20, 84], "mirror": true}
					]
				},
				{
					"name": "core_form",
					"parent": "shell",
					"pivot": [-3.5, 10.45, -4.275]
				},
				{
					"name": "head",
					"parent": "core_form",
					"pivot": [0, 13, 0],
					"cubes": [
						{"origin": [-5, 8, -5], "size": [10, 10, 10], "inflate": 0.225, "uv": [0, 42]},
						{"origin": [-5, 8, -5], "size": [10, 10, 10], "uv": [0, 0]}
					]
				},
				{
					"name": "all_arms_core",
					"parent": "head",
					"pivot": [0, 16.75, 0]
				},
				{
					"name": "top_arm",
					"parent": "all_arms_core",
					"pivot": [0, 16.75, 0],
					"cubes": [
						{"origin": [-1.5, 20, -1.5], "size": [3, 3, 3], "uv": [32, 28]},
						{"origin": [-2, 17, -2], "size": [4, 4, 4], "uv": [0, 20]}
					]
				},
				{
					"name": "bottom_arm3",
					"parent": "all_arms_core",
					"pivot": [-2.725, 9.8, 0],
					"rotation": [0, 0, 50],
					"cubes": [
						{"origin": [-4.225, 3.55, -1.5], "size": [3, 3, 3], "uv": [0, 36]},
						{"origin": [-4.725, 5.55, -2], "size": [4, 4, 4], "uv": [0, 28]}
					]
				},
				{
					"name": "bottom_arm2",
					"parent": "all_arms_core",
					"pivot": [2.725, 9.8, 0],
					"rotation": [0, 0, -50],
					"cubes": [
						{"origin": [1.225, 3.55, -1.5], "size": [3, 3, 3], "uv": [12, 36]},
						{"origin": [0.725, 5.55, -2], "size": [4, 4, 4], "uv": [16, 28]}
					]
				},
				{
					"name": "top_arm2",
					"parent": "all_arms_core",
					"pivot": [3.25, 14.2, 0],
					"rotation": [0, 0, 70],
					"cubes": [
						{"origin": [1.75, 17.45, -1.5], "size": [3, 3, 3], "uv": [32, 34]},
						{"origin": [1.25, 14.45, -2], "size": [4, 4, 4], "uv": [16, 20]}
					]
				},
				{
					"name": "top_arm3",
					"parent": "all_arms_core",
					"pivot": [-3.25, 14.2, 0],
					"rotation": [0, 0, -70],
					"cubes": [
						{"origin": [-4.75, 17.45, -1.5], "size": [3, 3, 3], "uv": [40, 0]},
						{"origin": [-5.25, 14.45, -2], "size": [4, 4, 4], "uv": [32, 20]}
					]
				}
			]
		}
	]
}