{
	"format_version": "1.12.0",
	"minecraft:geometry": [
		{
			"description": {
				"identifier": "geometry.unknown",
				"texture_width": 128,
				"texture_height": 128,
				"visible_bounds_width": 4,
				"visible_bounds_height": 4.5,
				"visible_bounds_offset": [0, 1.75, 0]
			},
			"bones": [
				{
					"name": "coballion",
					"pivot": [0, 0, 0]
				},
				{
					"name": "coballion2",
					"parent": "coballion",
					"pivot": [0, 16, 0]
				},
				{
					"name": "chest",
					"parent": "coballion2",
					"pivot": [0, 21.5, 1],
					"cubes": [
						{"origin": [-4.5, 17, -7], "size": [9, 8, 11], "uv": [0, 0]}
					]
				},
				{
					"name": "neck",
					"parent": "chest",
					"pivot": [0, 20.5, -6.25],
					"cubes": [
						{"origin": [-4, 19, -7.75], "size": [8, 9, 7], "uv": [41, 0]}
					]
				},
				{
					"name": "neck2",
					"parent": "neck",
					"pivot": [0, 27.5, -4.25],
					"cubes": [
						{"origin": [-3.5, 26, -7.25], "size": [7, 11, 6], "uv": [58, 57]}
					]
				},
				{
					"name": "neck3",
					"parent": "neck2",
					"pivot": [0, 36.59926, -4.50044],
					"cubes": [
						{"origin": [3, 39, -7], "size": [0, 5, 7], "uv": [85, 81]},
						{"origin": [-3, 39, -7], "size": [0, 5, 7], "uv": [41, 82]},
						{"origin": [-3, 37, -7], "size": [6, 2, 5], "uv": [15, 20]},
						{"origin": [-3, 39, -2], "size": [6, 2, 0], "uv": [0, 105]},
						{"origin": [-3, 41, -2], "size": [6, 2, 1], "uv": [0, 109]},
						{"origin": [-3, 43, -2], "size": [6, 1, 2], "uv": [1, 115]}
					]
				},
				{
					"name": "collar",
					"parent": "neck3",
					"pivot": [-0.05, 39.40816, -6.62225],
					"cubes": [
						{"origin": [-2.5, 33.52206, -10.36536], "size": [5, 5, 4], "pivot": [0, 34.22579, -7.43411], "rotation": [-41, 0, 0], "uv": [85, 25]}
					]
				},
				{
					"name": "collar2",
					"parent": "collar",
					"pivot": [0, 36.27579, -8.70911],
					"cubes": [
						{"origin": [0, 32.52206, -13.54036], "size": [0, 5, 3], "pivot": [0, 33.22579, -7.60911], "rotation": [-41, 0, 0], "uv": [56, 17]}
					]
				},
				{
					"name": "collar3",
					"parent": "collar",
					"pivot": [-0.025, 35.55816, -10.19725],
					"cubes": [
						{"origin": [-2.5, 29.92952, -10.36536], "size": [5, 5, 4], "inflate": 0.01, "pivot": [0, 34.22579, -7.43411], "rotation": [-14, 0, 0], "uv": [72, 0]},
						{"origin": [2.825, 30.90816, -7.69725], "size": [3, 5, 0], "inflate": 0.01, "pivot": [4, 32.70816, -8.77225], "rotation": [-18.47933, -40.24836, 12.18445], "uv": [25, 63]},
						{"origin": [-5.825, 30.90816, -7.69725], "size": [3, 5, 0], "inflate": 0.01, "pivot": [-4, 32.70816, -8.77225], "rotation": [-18.47933, 40.24836, -12.18445], "uv": [0, 56]}
					]
				},
				{
					"name": "collar4",
					"parent": "collar3",
					"pivot": [0, 30.77642, -11.37429],
					"cubes": [
						{"origin": [-2.5, 26.46636, -9.74223], "size": [5, 6, 4], "pivot": [0, 28.17009, -6.81099], "rotation": [25.75, 0, 0], "uv": [30, 38]}
					]
				},
				{
					"name": "collar5",
					"parent": "collar4",
					"pivot": [0, 28.43881, -7.17602],
					"cubes": [
						{"origin": [-2.5, 25.36975, -12.71831], "size": [5, 0, 4], "pivot": [0, 25.36978, -8.71067], "rotation": [95, 0, 0], "uv": [64, 50]}
					]
				},
				{
					"name": "neck4",
					"parent": "neck3",
					"pivot": [0, 38, -4.5],
					"cubes": [
						{"origin": [-2, 38, -6.5], "size": [4, 2, 4], "uv": [30, 0]}
					]
				},
				{
					"name": "head",
					"parent": "neck4",
					"pivot": [0, 39.65938, -4.28011],
					"cubes": [
						{"origin": [-3, 39.65, -8], "size": [6, 5, 6], "inflate": -0.2, "uv": [0, 75]},
						{"origin": [-2.5, 41.325, -11.35], "size": [5, 3, 4], "inflate": -0.1, "pivot": [-1, 42.54829, -8.29296], "rotation": [9.75, 0, 0], "uv": [56, 88]},
						{"origin": [-2, 40.06933, -10.9042], "size": [4, 3, 4], "inflate": -0.1, "pivot": [-1, 42.54829, -8.29296], "rotation": [-0.25, 0, 0], "uv": [89, 94]},
						{"origin": [-0.5, 42.875, -11.525], "size": [1, 1, 1], "pivot": [-0.5, 42.04829, -8.29296], "rotation": [9.75, 0, 0], "uv": [9, 20]}
					]
				},
				{
					"name": "eye_left",
					"parent": "head",
					"pivot": [3, 42.65, -6.5],
					"cubes": [
						{"origin": [2.125, 41.65, -8.9], "size": [1, 2, 3], "inflate": -0.1, "pivot": [3, 42.65, -6.5], "rotation": [4.5, 9.75, 0], "uv": [2, 119]},
						{"origin": [2.275, 43.4, -8.9], "size": [1, 1, 3], "pivot": [3, 42.65, -6.5], "rotation": [4.5, 9.75, 0], "uv": [12, 120]}
					]
				},
				{
					"name": "eyelid_left",
					"parent": "eye_left",
					"pivot": [2.04812, 42.56566, -7.25904],
					"cubes": [
						{"origin": [1.7, 41.65, -9.125], "size": [1, 2, 3], "inflate": -0.02, "pivot": [4.25, 42.65, -6.55], "rotation": [4.5, 9.75, 0], "uv": [15, 103]}
					]
				},
				{
					"name": "eye_right",
					"parent": "head",
					"pivot": [-3, 42.65, -6.5],
					"cubes": [
						{"origin": [-3.125, 41.65, -8.9], "size": [1, 2, 3], "inflate": -0.1, "pivot": [-3, 42.65, -6.5], "rotation": [4.5, -9.75, 0], "uv": [2, 119], "mirror": true},
						{"origin": [-3.275, 43.4, -8.9], "size": [1, 1, 3], "pivot": [-3, 42.65, -6.5], "rotation": [4.5, -9.75, 0], "uv": [12, 120], "mirror": true}
					]
				},
				{
					"name": "eyelid_right",
					"parent": "eye_right",
					"pivot": [-2.04812, 42.56566, -7.25904],
					"cubes": [
						{"origin": [-2.7, 41.65, -9.125], "size": [1, 2, 3], "inflate": -0.02, "pivot": [-4.25, 42.65, -6.55], "rotation": [4.5, -9.75, 0], "uv": [15, 103], "mirror": true}
					]
				},
				{
					"name": "horn_left",
					"parent": "head",
					"pivot": [1.86584, 43.22679, -9.16561],
					"cubes": [
						{"origin": [3.03702, 45.02825, -8.85947], "size": [2, 2, 4], "inflate": -0.1, "pivot": [4.33316, 46.46595, -2.90334], "rotation": [20.38593, 18.2231, 7.52194], "uv": [39, 95]},
						{"origin": [1.90013, 45.15363, -5.09148], "size": [2, 2, 4], "inflate": -0.05, "pivot": [4.33316, 46.46595, -2.90334], "rotation": [24.5617, -7.36884, -7.88118], "uv": [26, 95]},
						{"origin": [1.85105, 45.16021, -4.53464], "size": [2, 2, 3], "pivot": [4.33316, 46.46595, -2.90334], "rotation": [43.85701, 53.48864, 33.15218], "uv": [91, 0]},
						{"origin": [2.64932, 45.50325, -10.48834], "size": [1, 1, 2], "pivot": [4.33316, 46.46595, -2.90334], "rotation": [19.64681, 10.23466, 4.52282], "uv": [53, 44]},
						{"origin": [3.52549, 45.09516, -1.98808], "size": [2, 2, 4], "inflate": -0.1, "pivot": [4.33316, 46.46595, -2.90334], "rotation": [22.45517, -1.33613, -11.22486], "uv": [13, 95]},
						{"origin": [-0.24657, 45.09516, -1.10347], "size": [2, 2, 3], "inflate": -0.11, "pivot": [4.33316, 46.46595, -2.90334], "rotation": [37.4113, 51.05775, 20.07574], "uv": [53, 38]},
						{"origin": [0.27843, 45.59516, 1.77153], "size": [1, 1, 2], "inflate": 0.1, "pivot": [4.33316, 46.46595, -2.90334], "rotation": [37.4113, 51.05775, 20.07574], "uv": [45, 38]}
					]
				},
				{
					"name": "horn_right",
					"parent": "head",
					"pivot": [-1.86584, 43.22679, -9.16561],
					"cubes": [
						{"origin": [-5.03702, 45.02825, -8.85947], "size": [2, 2, 4], "inflate": -0.1, "pivot": [-4.33316, 46.46595, -2.90334], "rotation": [20.38593, -18.2231, -7.52194], "uv": [43, 63]},
						{"origin": [-3.90013, 45.15363, -5.09148], "size": [2, 2, 4], "inflate": -0.05, "pivot": [-4.33316, 46.46595, -2.90334], "rotation": [24.5617, 7.36884, 7.88118], "uv": [0, 27]},
						{"origin": [-3.85105, 45.16021, -4.53464], "size": [2, 2, 3], "pivot": [-4.33316, 46.46595, -2.90334], "rotation": [43.85701, -53.48864, -33.15218], "uv": [15, 28]},
						{"origin": [-3.64932, 45.50325, -10.48834], "size": [1, 1, 2], "pivot": [-4.33316, 46.46595, -2.90334], "rotation": [19.64681, -10.23466, -4.52282], "uv": [30, 7]},
						{"origin": [-5.52549, 45.09516, -1.98808], "size": [2, 2, 4], "inflate": -0.1, "pivot": [-4.33316, 46.46595, -2.90334], "rotation": [22.45517, 1.33613, 11.22486], "uv": [0, 20]},
						{"origin": [-1.75343, 45.09516, -1.10347], "size": [2, 2, 3], "inflate": -0.11, "pivot": [-4.33316, 46.46595, -2.90334], "rotation": [37.4113, -51.05775, -20.07574], "uv": [0, 0]},
						{"origin": [-1.27843, 45.59516, 1.77153], "size": [1, 1, 2], "inflate": 0.1, "pivot": [-4.33316, 46.46595, -2.90334], "rotation": [37.4113, -51.05775, -20.07574], "uv": [0, 6]}
					]
				},
				{
					"name": "ass",
					"parent": "chest",
					"pivot": [0, 22, 3],
					"cubes": [
						{"origin": [-4, 17.175, 3], "size": [8, 7, 10], "uv": [29, 20]}
					]
				},
				{
					"name": "tail",
					"parent": "ass",
					"pivot": [0, 22.675, 9.5],
					"cubes": [
						{"origin": [0, 18.175, 6], "size": [0, 13, 14], "uv": [0, 20]}
					]
				},
				{
					"name": "legs",
					"parent": "coballion2",
					"pivot": [-4.5, 14, -3.5]
				},
				{
					"name": "leg_left_front",
					"parent": "legs",
					"pivot": [4, 20, -2.5],
					"cubes": [
						{"origin": [1.5, 12, -5], "size": [5, 11, 6], "uv": [66, 11]},
						{"origin": [7.025, 19.92802, -5.44646], "size": [0, 13, 11], "pivot": [4.5, 27.42802, 0.05354], "rotation": [-13.03141, 6.41442, 25.76663], "uv": [41, 38]}
					]
				},
				{
					"name": "leg_left_front2",
					"parent": "leg_left_front",
					"pivot": [4, 12.5, -5],
					"cubes": [
						{"origin": [2, 6.5, -5], "size": [4, 6, 4], "uv": [87, 35]}
					]
				},
				{
					"name": "leg_left_front3",
					"parent": "leg_left_front2",
					"pivot": [4, 7, -3],
					"cubes": [
						{"origin": [1.5, 0, -5.25], "size": [5, 7, 5], "uv": [20, 82]}
					]
				},
				{
					"name": "leg_left_front4",
					"parent": "leg_left_front3",
					"pivot": [4, -0.075, -5.425],
					"cubes": [
						{"origin": [1.5, -0.1, -8.175], "size": [5, 4, 3], "inflate": -0.1, "uv": [72, 94]}
					]
				},
				{
					"name": "leg_right_front",
					"parent": "legs",
					"pivot": [-4, 20, -2.5],
					"cubes": [
						{"origin": [-6.5, 12, -5], "size": [5, 11, 6], "uv": [64, 32]},
						{"origin": [-7.025, 19.92802, -5.44646], "size": [0, 13, 11], "pivot": [-4.5, 27.42802, 0.05354], "rotation": [-13.03141, -6.41442, -25.76663], "uv": [18, 38]}
					]
				},
				{
					"name": "leg_right_front2",
					"parent": "leg_right_front",
					"pivot": [-4, 12.5, -5],
					"cubes": [
						{"origin": [-6, 6.5, -5], "size": [4, 6, 4], "uv": [87, 6]}
					]
				},
				{
					"name": "leg_right_front3",
					"parent": "leg_right_front2",
					"pivot": [-4, 7, -3],
					"cubes": [
						{"origin": [-6.5, 0, -5.25], "size": [5, 7, 5], "uv": [71, 75]}
					]
				},
				{
					"name": "leg_right_front4",
					"parent": "leg_right_front3",
					"pivot": [-4, -0.075, -5.425],
					"cubes": [
						{"origin": [-6.5, -0.1, -8.175], "size": [5, 4, 3], "inflate": -0.1, "uv": [89, 17]}
					]
				},
				{
					"name": "leg_left_back",
					"parent": "legs",
					"pivot": [3.75, 19, 10.25],
					"cubes": [
						{"origin": [1.25, 11, 6.75], "size": [5, 11, 7], "uv": [25, 63]}
					]
				},
				{
					"name": "leg_left_back2",
					"parent": "leg_left_back",
					"pivot": [3.75, 12.5, 7.75],
					"cubes": [
						{"origin": [1.75, 5.5, 7.75], "size": [4, 7, 4], "uv": [0, 87]}
					]
				},
				{
					"name": "leg_left_back3",
					"parent": "leg_left_back2",
					"pivot": [3.75, 7, 9.75],
					"cubes": [
						{"origin": [1.25, 0, 7.5], "size": [5, 7, 5], "uv": [79, 50]}
					]
				},
				{
					"name": "leg_left_back4",
					"parent": "leg_left_back3",
					"pivot": [3.75, 0.05, 7.575],
					"cubes": [
						{"origin": [1.25, -0.1, 4.575], "size": [5, 4, 3], "inflate": -0.1, "uv": [93, 75]}
					]
				},
				{
					"name": "leg_right_back",
					"parent": "legs",
					"pivot": [-3.75, 19, 10.25],
					"cubes": [
						{"origin": [-6.25, 11, 6.75], "size": [5, 11, 7], "uv": [0, 56]}
					]
				},
				{
					"name": "leg_right_back2",
					"parent": "leg_right_back",
					"pivot": [-3.75, 12.5, 7.75],
					"cubes": [
						{"origin": [-5.75, 5.5, 7.75], "size": [4, 7, 4], "uv": [85, 63]}
					]
				},
				{
					"name": "leg_right_back3",
					"parent": "leg_right_back2",
					"pivot": [-3.75, 7, 9.75],
					"cubes": [
						{"origin": [-6.25, 0, 7.5], "size": [5, 7, 5], "uv": [50, 75]}
					]
				},
				{
					"name": "leg_right_back4",
					"parent": "leg_right_back3",
					"pivot": [-3.75, 0.05, 7.575],
					"cubes": [
						{"origin": [-6.25, -0.1, 4.575], "size": [5, 4, 3], "inflate": -0.1, "uv": [0, 48]}
					]
				}
			]
		}
	]
}