{
  "portraitScale": 2.5,
  "portraitTranslation": [-0.3, -0.8, 0],
  "profileScale": 1.0,
  "profileTranslation": [0, 0.3, 0],
  "animations": {
	"faint": "q.bedrock_stateful('minior', 'faint')",
    "cry": "q.bedrock_stateful('minior', 'cry')",
    "status": "q.bedrock_stateful('minior', 'cry', q.curve('symmetrical_wide'))"
  },
  "poses": {
	"portrait": {
      "poseTypes": ["PORTRAIT"],
      "isBattle": false,
      "animations": ["q.bedrock('minior', 'battle_idle')"]
    },
    "profile": {
      "poseTypes": ["PROFILE"],
      "isBattle": false,
      "isTouchingWater": false,
      "animations": ["q.bedrock('minior', 'battle_idle')"]
    },
    "battle-standing": {
      "poseTypes": ["STAND", "WALK"],
      "isBattle": true,
      "animations": [
        "q.bedrock('minior', 'battle_idle')"
      ]
    },
    "standing": {
      "poseTypes": ["STAND", "NONE"],
      "isBattle": false,
      "animations": [
        "q.bedrock('minior', 'ground_idle')"
      ]
    },
    "walking": {
      "poseTypes": ["WALK"],
      "animations": [
        "q.bedrock('minior', 'ground_walk')"
      ]
    },
    "float": {
      "poseTypes": ["FLOAT"],
      "animations": [
        "q.bedrock('minior', 'ground_walk')"
      ]
    },
    "swim": {
      "poseTypes": ["SWIM"],
      "animations": [
        "q.bedrock('minior', 'ground_walk')"
      ]
    },
    "sleep": {
      "poseTypes": ["SLEEP"],
      "animations": ["q.bedrock('minior', 'sleep')"]
    }
  }
}