{
  "implemented": true,
  "target": "cobblemon:minior",
  "shoulderMountable": true,
  "baseScale": 0.7,
  "shoulderEffects": [
    {
      "type": "potion_effect",
      "effect": "minecraft:slow_falling",
      "amplifier": 0,
      "ambient": true,
      "showParticles": true,
      "showIcon": false
    },
    {
      "type": "potion_effect",
      "effect": "minecraft:jump_boost",
      "amplifier": 1,
      "ambient": true,
      "showParticles": true,
      "showIcon": false
    }
  ],
  "behaviour": {
    "resting": {
      "canSleep": true,
      "depth": "normal",
      "light": "0-15"
    },
    "moving": {
      "walk": {
        "walkSpeed": 0.37
      },
      "swim": {
        "avoidsWater": true,
        "canSwimInWater": false
      },
      "fly": {
        "canFly": true,
        "flySpeedHorizontal": 0.6
      }
    }
  }
}